num,longitude,latitude,ref
1001A,116.3621,39.8784,N
1002A,116.2202,40.2915,Y
1003A,116.4174,39.9289,N
1004A,116.4072,39.8863,N
1005A,116.462,39.9365,N
1006A,116.3392,39.9295,N
1007A,116.2878,39.9611,N
1008A,116.6636,40.135,N
1009A,116.6275,40.3275,N
1010A,116.2296,40.217,N
1011A,116.3966,39.9821,N
1012A,116.184,39.9136,N
1013A,117.151,39.097,Y
1014A,117.193,39.173,Y
1015A,117.1444,39.1661,N
1016A,117.184,39.1205,Y
1017A,117.237,39.1082,N
1018A,117.202,39.0927,N
1019A,117.1837,39.2133,N
1020A,117.269,39.1337,Y
1021A,117.307,39.0877,N
1022A,117.221,39.06,Y
1023A,117.707,39.0343,N
1024A,117.457,38.8394,N
1025A,117.401,39.124,Y
1026A,117.764,39.1587,N
1027A,117.157,38.9194,Y
1028A,114.5637,38.0549,Y
1029A,114.4422,38.0444,N
1030A,114.6063,38.0266,N
1031A,114.4898,38.1328,N
1032A,114.4586,38.0058,N
1033A,114.5331,38.0178,N
1034A,114.509,38.0457,N
1035A,114.3524,37.8911,Y
1036A,118.1662,39.6308,Y
1037A,118.131,39.6363,N
1038A,118.1725,39.6334,N
1039A,118.2185,39.6679,Y
1040A,118.1705,39.6506,N
1041A,118.1869,39.622,N
1042A,119.5134,39.8207,N
1043A,119.7493,40.0116,N
1044A,119.5897,39.9499,N
1046A,119.5251,39.9041,N
1047A,114.5129,36.61763,N
1048A,114.5302,36.6116,N
1049A,114.4918,36.5713,N
1050A,114.484,36.6133,N
1051A,115.493,38.8632,N
1052A,115.5213,38.8959,N
1053A,115.4713,38.9108,N
1054A,115.4612,38.8416,N
1055A,115.4323,38.8697,N
1056A,115.5086,38.8639,N
1057A,114.8883,40.8336,N
1058A,114.892,40.79481,Y
1059A,114.8687,40.8042,N
1060A,114.8902,40.762,N
1061A,114.8916,40.8661,Y
1062A,117.9531,40.9081,N
1063A,117.9392,40.9763,N
1064A,117.9503,40.928,N
1065A,117.8051,40.9655,N
1066A,117.9268,41.0026,Y
1067A,116.6708,39.5111,N
1068A,116.7214,39.5589,N
1069A,116.715,39.5571,Y
1070A,116.7244,39.5269,N
1071A,116.8842,38.2991,N
1072A,116.8584,38.3254,N
1073A,116.8709,38.3228,N
1074A,115.6838,37.7541,N
1075A,115.6303,37.7316,N
1076A,115.6906,37.739,Y
1077A,114.4704,37.0886,N
1078A,114.5062,37.0349,N
1079A,114.5237,37.0851,N
1080A,114.4725,37.0719,N
1081A,112.5139,37.8873,N
1082A,112.573,37.9103,Y
1083A,112.434,38.0108,Y
1084A,112.469,37.7124,N
1085A,112.5583,37.7394,N
1086A,112.5369,37.8692,N
1087A,112.57,37.8195,N
1088A,112.549,37.9854,N
1089A,112.4701,37.782,N
1090A,111.6507,40.7517,N
1091A,111.6572,40.8033,N
1092A,111.659,40.8452,Y
1093A,111.608,40.8144,Y
1094A,111.7516,40.8369,N
1095A,111.7276,40.8062,N
1096A,111.5512,40.7866,N
1097A,111.717,40.7612,N
1098A,123.6836,41.9339,Y
1099A,123.505,41.7406,N
1100A,123.4231,41.6989,N
1101A,123.284,41.7694,Y
1102A,123.5903,41.8411,N
1103A,123.4264,41.8467,N
1104A,123.4114,41.7653,N
1105A,123.4678,41.7867,N
1106A,123.4017,41.7972,N
1107A,123.3606,41.7806,Y
1108A,123.3783,41.9228,N
1109A,121.612,38.9741,N
1110A,121.565,38.9511,N
1111A,121.5637,38.8845,N
1112A,121.6302,38.9117,N
1113A,121.6251,38.8638,N
1114A,121.5213,38.8661,N
1115A,121.2529,38.8061,N
1116A,121.7485,39.1311,N
1117A,121.7811,39.0496,N
1118A,121.9762,39.0631,N
1119A,125.3325,43.9166,N
1120A,125.2863,43.9027,N
1121A,125.2841,43.8463,N
1122A,125.3716,43.8772,N
1123A,125.3297,43.8805,N
1124A,125.4605,43.79,N
1125A,125.7194,43.515,Y
1126A,125.3863,43.8447,N
1127A,125.245,43.7783,N
1128A,125.1761,43.8325,N
1129A,126.5422,45.755,Y
1130A,126.561,45.8167,N
1131A,126.979,45.5419,N
1132A,126.599,45.7222,N
1133A,126.689,45.7733,N
1134A,126.635,45.7667,N
1135A,126.685,45.7319,N
1136A,126.6411,45.7258,N
1137A,126.593,45.7478,N
1138A,126.615,45.61,N
1139A,126.595,45.9855,N
1140A,126.6206,45.6842,N
1141A,121.4,31.238,N
1142A,121.478,31.2036,N
1143A,121.467,31.3008,N
1144A,121.412,31.1654,N
1145A,121.536,31.2659,N
1146A,120.978,31.0935,Y
1147A,121.425,31.2261,N
1148A,121.703,31.1907,N
1149A,121.533,31.2284,N
1150A,121.577,31.2071,N
1151A,118.8086,32.1065,N
1152A,118.7538,32.0551,N
1153A,118.7794,32.0745,N
1154A,118.7752,32.0023,N
1155A,118.8109,32.0309,N
1156A,118.7997,32.0754,N
1157A,118.6414,32.0931,N
1158A,118.7356,31.9996,N
1159A,118.9125,32.1028,N
1160A,120.561,31.2472,Y
1161A,120.628,31.2864,N
1162A,120.591,31.3019,N
1163A,120.596,31.3264,N
1164A,120.613,31.2703,N
1165A,120.543,31.2994,N
1166A,120.669,31.3097,N
1167A,120.641,31.3708,N
1168A,120.9098,31.9663,N
1169A,120.86,32.0005,N
1170A,120.87,32.02,N
1171A,120.94,31.93,N
1172A,120.81,32.0417,N
1173A,119.176,34.5885,N
1174A,119.141,34.5896,Y
1175A,119.368,34.7507,Y
1176A,119.348,34.6984,Y
1177A,117.179,34.2761,N
1178A,117.1918,34.2384,N
1179A,117.192,34.3083,Y
1180A,117.256,34.2153,N
1181A,117.244,34.2911,N
1182A,117.2933,34.2778,N
1183A,117.166,34.1806,Y
1184A,119.46,32.3878,Y
1185A,119.404,32.41,Y
1186A,119.389,32.3761,N
1187A,119.439,32.4033,Y
1188A,120.269,31.4867,N
1189A,120.275,31.6219,N
1190A,120.294,31.56,N
1191A,120.242,31.5031,N
1192A,120.3489,31.5863,N
1193A,120.354,31.5475,N
1194A,120.245,31.5631,N
1195A,120.299,31.6817,N
1196A,119.9633,31.762,N
1197A,119.933,31.7786,Y
1198A,119.962,31.8089,Y
1199A,120.0393,31.7638,Y
1200A,119.9468,31.7069,N
1201A,119.9255,31.9087,N
1202A,,,N
1203A,119.6707,32.1875,N
1204A,119.4974,32.1968,N
1205A,119.4303,32.1328,N
1206A,119.905,32.4878,N
1207A,119.9189,32.4625,N
1208A,119.882,32.303,Y
1209A,119.888,32.4639,N
1210A,119.036,33.5981,N
1211A,119.007,33.575,N
1212A,118.989,33.6067,N
1213A,119.135,33.5039,N
1214A,119.0186,33.6297,N
1215A,120.118,33.4022,N
1216A,120.156,33.3942,N
1217A,120.129,33.3719,Y
1218A,120.2144,33.38,N
1219A,118.2658,33.96,Y
1220A,118.293,33.9528,N
1221A,118.2442,33.9592,N
1222A,118.3214,33.9506,Y
1223A,120.2072,30.2111,N
1224A,120.0633,30.2747,N
1225A,119.026,29.635,Y
1226A,120.3461,30.3153,N
1227A,120.1269,30.2456,N
1228A,120.1903,30.2692,N
1229A,120.157,30.2897,N
1230A,120.1197,30.3119,N
1231A,120.3019,30.4183,N
1232A,120.2697,30.1819,N
1233A,120.0883,30.1808,N
1234A,121.8358,29.911,N
1235A,121.56,29.82,N
1236A,121.713,29.9572,N
1237A,121.554,29.8906,Y
1238A,121.615,29.9017,Y
1239A,121.633,29.7733,N
1240A,121.5856,29.8635,N
1241A,121.524,29.8674,N
1242A,120.634,28.0089,N
1243A,120.6748,27.9939,N
1244A,120.76,27.9747,N
1245A,120.6709,28.0167,N
1246A,120.598,30.0911,N
1247A,120.6053,29.9928,N
1248A,120.576,30.007,Y
1249A,120.1,30.8867,Y
1250A,120.0751,30.8669,N
1251A,120.093,30.8617,Y
1252A,120.7436,30.778,N
1253A,120.726,30.7478,N
1255A,121.273,28.6459,N
1256A,121.419,28.6542,N
1257A,121.377,28.5773,N
1258A,122.122,30.0203,N
1259A,122.3094,29.9558,N
1260A,122.19,29.9944,N
1261A,119.649,29.1131,N
1262A,119.647,29.077,N
1263A,119.686,29.1029,N
1264A,118.8692,28.9398,N
1265A,118.8709,28.9666,N
1266A,118.8621,28.9808,N
1267A,119.914,28.4514,N
1268A,119.93,28.4586,N
1269A,119.879,28.4231,N
1270A,117.1959,31.7848,N
1271A,117.3072,31.8764,N
1272A,117.2588,31.8707,N
1273A,117.1604,31.9052,Y
1274A,117.25,31.8571,N
1275A,117.266,31.9436,N
1276A,117.336,31.8586,N
1277A,117.3027,31.7964,N
1278A,117.2776,31.7385,N
1279A,117.1318,31.8403,N
1280A,119.3903,26.0543,Y
1281A,119.414,26.0258,N
1282A,119.2681,26.0504,N
1283A,119.2984,26.1028,N
1284A,119.2648,26.0768,N
1285A,119.317,26.0746,N
1286A,118.1608,24.8169,Y
1287A,118.1514,24.4767,N
1288A,118.0661,24.4444,N
1290A,115.8931,28.6843,N
1291A,115.8886,28.7003,N
1292A,115.8126,28.7442,N
1293A,115.973,28.6969,Y
1294A,115.8518,28.687,N
1295A,115.8921,28.6424,N
1296A,115.7423,28.7996,Y
1297A,115.912,28.6131,Y
1298A,115.9314,28.6842,N
1299A,116.9862,36.6114,N
1300A,116.9376,36.665,N
1301A,117.1265,36.6734,N
1302A,116.989,36.6872,Y
1303A,117.0624,36.6868,N
1304A,116.9489,36.6447,N
1305A,117.0495,36.663,N
1306A,116.7675,36.5484,N
1307A,120.6659,36.2403,Y
1308A,120.3905,36.1851,N
1309A,120.3471,36.0699,N
1310A,120.4134,36.0658,N
1311A,120.3664,36.1032,N
1312A,120.2994,36.054,N
1313A,120.4581,36.0858,N
1314A,120.1983,35.9608,N
1315A,120.3999,36.3083,N
1316A,113.69031,34.76122,N
1317A,113.65724,34.77134,N
1318A,113.67526,34.80246,N
1319A,113.56746,34.81334,N
1320A,113.7329,34.7178,N
1321A,113.73961,34.77172,N
1322A,113.60532,34.74838,N
1323A,113.64164,34.7525,N
1324A,113.51488,34.91089,Y
1325A,114.3677,30.5584,N
1326A,114.2529,30.558,N
1327A,114.282,30.6189,N
1328A,114.3025,30.5332,N
1329A,114.3646,30.6217,N
1330A,114.1566,30.4825,N
1331A,114.3014,30.5944,N
1332A,114.3894,30.4822,N
1333A,114.135,30.6319,N
1334A,113.8454,30.2917,Y
1335A,113.0833,28.2325,N
1336A,112.8872,28.2189,N
1337A,113.0792,28.2053,N
1338A,112.9394,28.19,N
1339A,113.0178,28.1322,N
1340A,112.9792,28.2597,N
1341A,113.0014,28.1944,N
1342A,112.9844,28.1178,N
1343A,112.8908,28.1308,N
1344A,112.9581,28.3611,Y
1345A,113.2347,23.1423,N
1346A,113.2612,23.105,N
1348A,113.3478,23.0916,N
1349A,113.4332,23.1047,N
1350A,113.3505,22.9483,N
1351A,113.2146,23.3916,N
1352A,113.2597,23.1331,N
1353A,113.5618,23.312,N
1354A,113.2765,23.1544,N
1355A,113.443,23.3035,Y
1356A,114.1063,22.5545,N
1357A,114.117,22.5625,N
1358A,113.987,22.5417,N
1359A,113.9181,22.5171,N
1360A,114.2458,22.5689,N
1361A,114.2283,22.7244,N
1362A,113.8953,22.5861,N
1363A,114.494,22.5422,N
1364A,114.41,22.6342,N
1365A,114.297,22.5978,N
1366A,114.0678,22.738,N
1367A,113.5814,22.2618,N
1368A,113.4881,22.2335,N
1369A,113.628,22.4251,N
1370A,113.299,22.2281,N
1371A,113.1294,23.0067,N
1372A,113.1083,23.0478,N
1373A,113.144,23.0453,N
1374A,113.2881,22.8094,N
1375A,113.2544,22.7642,N
1376A,112.8383,22.8678,N
1377A,112.8836,23.1588,N
1378A,112.867,23.185,N
1379A,113.3769,22.5211,N
1380A,113.3881,22.5497,N
1381A,113.4075,22.5111,N
1382A,113.4411,22.4853,Y
1383A,113.1064,22.6058,N
1384A,113.0731,22.5835,N
1385A,113.0219,22.5311,N
1386A,113.0828,22.5947,N
1387A,113.7875,23.0457,N
1388A,113.7533,23.0202,N
1389A,113.7547,23.0494,N
1390A,113.7944,23.0128,N
1391A,113.7383,22.9658,N
1392A,114.4183,23.0528,N
1393A,114.4053,23.0822,N
1394A,114.4103,23.1142,N
1395A,114.4645,22.7833,N
1396A,114.5317,22.7422,N
1397A,112.4267,23.0706,N
1398A,112.4645,23.0475,N
1399A,112.5544,23.1522,N
1400A,112.4753,23.1,Y
1401A,108.3103,22.7881,N
1402A,108.3141,22.8528,N
1403A,108.3206,22.8225,N
1404A,108.3829,22.8037,N
1405A,108.4394,22.7904,Y
1406A,108.2397,22.8467,N
1407A,108.3275,22.735,N
1408A,108.2257,22.7757,N
1409A,110.576,19.9507,Y
1410A,110.3232,20.0574,N
1411A,110.283,20.0053,N
1412A,110.338,19.9969,N
1413A,110.33,20.0356,N
1414A,106.3787,29.8279,Y
1415A,106.46,29.5736,Y
1416A,106.4213,29.8253,N
1417A,106.6263,29.7228,N
1418A,106.2953,29.5983,N
1419A,106.5777,29.5102,N
1420A,106.6556,29.6277,N
1421A,106.6349,29.4906,N
1422A,106.3754,29.4572,N
1423A,106.571,29.5642,Y
1424A,106.512,29.5164,Y
1425A,106.6205,29.7166,N
1426A,106.4782,29.4875,N
1427A,106.5616,29.6453,N
1428A,106.4522,29.7091,N
1429A,106.5093,29.3917,N
1430A,106.591,29.4272,Y
1431A,103.9728,30.7236,N
1432A,104.1419,30.6764,N
1433A,104.0594,30.5767,N
1434A,104.1122,30.6306,N
1435A,104.074,30.685,N
1436A,104.026,30.6544,N
1437A,104.0431,30.6556,N
1438A,103.6202,31.0201,Y
1439A,106.6899,26.5998,N
1440A,106.6971,26.5694,N
1441A,106.6243,26.6266,N
1442A,106.7487,26.6343,N
1443A,106.6555,26.4365,N
1444A,106.694,26.5161,N
1445A,106.7109,26.6027,N
1446A,106.7164,26.5699,N
1447A,106.674,26.5424,N
1449A,102.743,25.0124,Y
1450A,102.8204,24.8886,N
1451A,102.6251,24.9608,Y
1452A,102.7252,25.0902,N
1453A,102.7266,25.0375,N
1454A,102.6742,25.0669,N
1455A,102.6644,25.0401,N
1456A,91.1319,29.6514,N
1457A,91.1221,29.6747,N
1458A,91.0874,29.6475,N
1459A,91.1774,29.6541,N
1460A,90.9798,29.6588,N
1461A,91.0834,29.6292,N
1462A,108.882,34.2749,N
1463A,108.993,34.2629,N
1464A,109.06,34.2572,N
1465A,108.9356,34.2173,N
1466A,108.954,34.2713,N
1467A,108.8922,34.2322,N
1468A,108.935,34.3474,N
1469A,108.906,34.1546,N
1470A,109.2,34.6575,N
1471A,109.2186,34.3731,N
1472A,108.869,34.378,Y
1473A,108.985,34.1978,N
1474A,109.051,34.3213,N
1475A,103.7222,36.0812,N
1476A,103.631,36.1031,N
1477A,104.1373,35.9454,Y
1478A,103.8412,36.0726,N
1479A,103.831,36.0464,N
1480A,101.748,36.6428,N
1481A,101.749,36.6922,Y
1482A,101.834,36.5819,N
1483A,101.524,36.6867,Y
1484A,105.9512,38.6016,Y
1485A,106.2682,38.4744,Y
1486A,106.217,38.4536,Y
1487A,106.0715,38.4858,Y
1488A,106.2328,38.4975,N
1489A,106.1358,38.5036,N
1490A,87.5801,43.8303,N
1491A,87.6046,43.768,N
1492A,87.4754,43.9469,Y
1493A,87.5525,43.8711,N
1494A,87.6432,43.831,N
1495A,87.4171,43.8729,N
1496A,87.7216,44.1747,N
1508A,112.9433,27.8614,N
1511A,112.9118,27.8403,N
1512A,112.8937,27.8728,N
1513A,112.9227,27.8159,N
1514A,112.9074,27.9119,N
1515A,113.135,27.8244,N
1518A,113.095,27.8867,N
1519A,113.167,27.8667,N
1520A,113.143,27.8381,N
1524A,113.13,27.8528,N
1552A,106.805,26.3003,Y
1559A,113.251,27.8336,Y
1562A,113.0048,27.9153,N
1564A,112.4876,27.9164,Y
1585A,109.8756,40.6532,N
1586A,109.8104,40.6575,Y
1587A,109.9991,40.5842,N
1588A,109.8538,40.6821,N
1589A,109.8642,40.6288,N
1590A,110.0377,40.5546,N
1591A,110.0023,39.8129,N
1592A,109.9486,39.8261,N
1593A,109.7736,39.5986,N
1594A,109.8119,39.5989,N
1595A,109.9734,39.7884,N
1596A,122.2414,40.6592,N
1597A,122.2703,40.7094,N
1598A,122.215,40.6511,N
1599A,122.167,40.6655,N
1600A,124.3303,40.0625,N
1601A,124.4256,40.1503,N
1602A,124.3933,40.1461,N
1603A,124.3633,40.1092,N
1604A,122.0303,41.1489,N
1605A,122.0485,41.0883,N
1606A,121.8297,41.1028,N
1607A,120.9092,40.7136,N
1608A,120.8392,40.7514,N
1609A,120.8341,40.7073,N
1610A,120.8695,40.7677,N
1611A,118.5819,24.9117,N
1612A,118.5972,24.8978,N
1613A,118.6663,24.9424,N
1614A,118.6117,24.9604,Y
1615A,117.685,36.205,Y
1616A,117.6795,36.229,N
1617A,117.715,36.2081,Y
1618A,118.3429,35.0532,N
1619A,118.295,35.0583,N
1620A,118.2794,34.9976,N
1621A,118.3956,35.0888,N
1622A,116.3032,37.4674,N
1623A,116.2729,37.4504,N
1624A,116.2991,37.4451,N
1625A,115.9848,36.4372,N
1626A,115.9968,36.4568,Y
1627A,115.9835,36.4796,Y
1628A,118.0062,37.3803,N
1629A,118.0018,37.3617,N
1630A,117.9776,37.393,N
1631A,118.0414,36.8103,N
1632A,118.0253,36.8406,N
1633A,117.8525,36.4847,N
1634A,117.9592,36.6331,N
1635A,118.3092,36.8194,N
1636A,117.8661,36.805,N
1637A,117.558,34.8438,N
1638A,117.2852,34.7837,N
1639A,117.5852,34.7745,N
1640A,117.7276,34.5578,N
1641A,117.4518,35.0992,N
1642A,121.2514,37.5639,N
1643A,121.3719,37.5433,N
1644A,121.3181,37.5436,N
1645A,121.4478,37.4822,N
1646A,121.2611,37.4967,N
1647A,121.5953,37.3872,Y
1648A,119.12,36.7019,N
1649A,119.0919,36.7306,Y
1650A,119.1437,36.7023,N
1651A,119.1614,36.6572,Y
1652A,119.1936,36.7729,N
1653A,116.6251,35.4302,N
1654A,116.5856,35.4144,Y
1655A,116.5491,35.4042,N
1656A,117.1437,36.1937,N
1657A,117.0885,36.2017,N
1658A,117.1089,36.1758,N
1659A,119.471,35.4209,N
1660A,119.523,35.4216,N
1661A,119.5587,35.4044,N
1662A,122.1214,37.4236,N
1663A,122.0508,37.5236,N
1664A,122.1067,37.5072,N
1665A,118.5019,37.4658,N
1666A,118.6614,37.4309,N
1667A,118.5857,37.4442,Y
1668A,118.8192,37.3781,Y
1669A,113.5824,24.7733,N
1670A,113.5556,24.8082,N
1671A,113.5917,24.7972,N
1672A,113.6735,24.7791,N
1673A,113.5971,24.6863,N
1674A,116.6794,23.3667,N
1675A,116.7244,23.3633,N
1676A,116.7258,23.2775,N
1677A,116.7519,23.4714,N
1678A,116.6092,23.2539,N
1679A,116.4069,23.2533,N
1680A,110.3539,21.2706,N
1681A,110.3928,21.2228,N
1682A,110.4019,21.1997,N
1683A,110.4111,21.2028,N
1684A,110.3316,21.2679,N
1685A,110.4558,21.2567,N
1686A,111.0286,21.4688,N
1687A,110.9294,21.6533,N
1688A,110.9107,21.6687,N
1689A,110.8592,21.6828,N
1690A,116.1231,24.3284,N
1691A,116.0797,24.2719,N
1692A,116.1248,24.2654,N
1693A,115.3653,22.775,N
1694A,115.3706,22.7898,N
1695A,115.3622,22.7925,N
1696A,114.6778,23.7569,Y
1697A,114.6944,23.7586,N
1698A,114.6892,23.7233,N
1699A,111.9797,21.8593,Y
1700A,111.9508,21.8536,N
1701A,111.9491,21.8658,N
1702A,113.0426,23.691,Y
1703A,113.0208,23.7106,N
1704A,113.0622,23.6272,N
1705A,116.6367,23.6719,Y
1706A,116.6447,23.6706,N
1707A,116.6175,23.6531,N
1708A,116.3701,23.5345,N
1709A,116.3264,23.5443,N
1710A,116.3611,23.5626,N
1711A,116.4151,23.5294,N
1712A,112.0392,22.9169,Y
1713A,112.0369,22.9394,N
1714A,112.0539,22.9539,N
1715A,102.575,24.3711,N
1716A,102.5433,24.3603,N
1717A,102.4964,24.3411,N
1718A,115.4208,35.2464,N
1719A,115.4747,35.2375,N
1720A,115.455,35.27,N
1721A,113.3819,40.1097,Y
1722A,113.2858,40.0958,Y
1723A,113.2994,40.0758,N
1724A,113.3444,40.0917,N
1725A,113.2661,40.1269,N
1726A,113.2711,40.0844,N
1727A,113.1147,36.1547,N
1728A,113.1031,36.1989,N
1729A,113.1466,36.1961,Y
1730A,113.0886,36.2125,N
1731A,113.0844,36.1856,N
1732A,111.5125,36.0978,Y
1733A,111.5531,36.0783,N
1734A,111.5028,36.0714,N
1735A,111.5169,36.0822,N
1736A,111.5018,36.0855,N
1737A,111.4917,36.0417,Y
1738A,113.5758,37.8572,N
1739A,113.4894,37.8731,N
1740A,113.5819,37.8486,N
1741A,113.6292,37.8531,N
1742A,113.5614,37.8703,N
1743A,113.5158,37.8392,N
1744A,118.9233,42.2816,N
1745A,118.9576,42.2728,N
1746A,118.8788,42.2554,N
1747A,119.2719,42.0317,N
1748A,123.044,41.1196,N
1749A,123.011,41.0931,N
1750A,123.0485,41.1442,N
1751A,122.9642,41.0971,N
1752A,122.9341,41.0833,N
1753A,123.022,41.0821,N
1754A,123.1289,41.0228,Y
1755A,123.7977,41.8491,N
1756A,123.9161,41.8822,N
1757A,124.0436,41.8611,N
1758A,123.9247,41.8642,N
1759A,124.0972,41.8961,N
1760A,123.7086,41.8391,N
1761A,123.8275,41.3064,N
1762A,123.7567,41.3325,N
1763A,123.7169,41.3094,N
1764A,123.7669,41.2864,N
1765A,123.7992,41.2664,N
1766A,123.8142,41.3472,N
1767A,121.1115,41.0879,N
1768A,121.0533,40.8434,N
1769A,121.1836,41.1119,N
1770A,121.1178,41.1222,N
1771A,121.1303,41.1386,N
1772A,126.54,43.8622,N
1773A,126.5844,43.8358,N
1774A,126.5052,43.8245,N
1775A,126.6133,43.8972,N
1776A,126.555,43.8306,N
1778A,126.7061,43.7133,Y
1779A,123.9305,47.3636,N
1780A,123.9488,47.3386,N
1781A,123.9483,47.3227,N
1782A,123.6261,47.203,Y
1783A,123.945,47.2988,N
1784A,129.61,44.561,N
1785A,129.6115,44.5782,N
1786A,129.5904,44.5963,N
1787A,129.6364,44.6075,N
1788A,129.6386,44.5462,N
1789A,124.81117,46.03138,N
1790A,125.129,46.533,N
1791A,124.902,46.408,N
1792A,125.153,46.586,N
1793A,124.9042,46.6215,N
1794A,118.3606,31.3519,N
1795A,118.3714,31.4134,N
1796A,118.3673,31.3131,N
1797A,118.4022,31.3839,Y
1798A,118.5092,31.6837,N
1799A,118.5024,31.6449,N
1800A,118.5228,31.7231,N
1801A,118.48,31.6928,N
1802A,118.6245,31.7241,Y
1803A,115.9872,29.6815,N
1804A,115.9584,29.7046,N
1805A,115.9877,29.7295,N
1806A,116.0172,29.6547,N
1807A,116.0628,29.6926,N
1808A,115.9114,29.6038,N
1809A,116.0721,29.7535,N
1810A,115.9773,29.5698,Y
1811A,112.3628,34.6692,N
1812A,112.3931,34.6516,N
1813A,112.4333,34.67,N
1814A,112.4657,34.6871,N
1815A,112.494,34.6886,N
1816A,112.3844,34.623,N
1817A,112.4267,34.6258,N
1818A,114.4839,36.0621,Y
1819A,114.3551,36.1017,N
1820A,114.361,36.0681,N
1821A,114.3931,36.0883,Y
1822A,114.286,36.11,Y
1823A,114.3406,34.8022,Y
1824A,114.3389,34.7781,N
1825A,114.3733,34.7975,Y
1826A,114.2885,34.7965,N
1827A,113.261,35.235,N
1828A,113.2269,35.2127,N
1829A,113.2467,35.176,N
1830A,113.1987,35.2703,Y
1831A,113.3064,33.7214,Y
1832A,113.3257,33.742,N
1833A,113.2919,33.737,N
1834A,113.182,33.774,N
1835A,111.1922,34.7752,N
1836A,111.1587,34.7942,N
1837A,111.1858,34.7917,N
1838A,111.143,34.7955,Y
1839A,111.3009,30.7157,N
1840A,111.2992,30.6981,N
1841A,111.3549,30.6465,N
1842A,111.2628,30.6961,N
1843A,111.3275,30.7819,N
1844A,112.2494,30.3197,N
1845A,112.2008,30.3544,N
1846A,112.2887,30.3055,Y
1847A,113.1094,29.3578,N
1848A,113.1493,29.4251,N
1849A,113.1497,29.3575,N
1850A,113.2621,29.4758,N
1851A,112.9943,29.4402,N
1852A,113.2117,29.355,Y
1853A,111.7044,29.0244,Y
1854A,111.6975,28.9703,N
1855A,111.6753,29.0239,Y
1856A,111.6794,29.0381,Y
1857A,111.7158,29.1456,Y
1858A,110.5319,29.1217,N
1859A,110.4697,29.1242,N
1860A,110.5594,29.3547,N
1861A,110.4417,29.315,Y
1862A,110.4144,25.3167,Y
1863A,110.2819,25.2697,N
1864A,110.3089,25.2708,N
1865A,110.2869,25.2178,N
1866A,109.2262,21.588,Y
1867A,109.1436,21.4086,N
1868A,109.0981,21.4661,N
1869A,109.1778,21.5233,N
1870A,109.4856,24.3895,N
1871A,109.4157,24.3277,N
1872A,109.389,24.341,N
1873A,109.4311,24.2921,N
1874A,109.4006,24.3631,N
1875A,109.4958,24.3134,N
1876A,109.5078,18.2489,N
1877A,109.4964,18.2681,N
1878A,104.7778,31.4741,N
1879A,104.7563,31.4535,N
1880A,104.6697,31.4668,N
1881A,104.7287,31.5075,N
1882A,104.563,28.793,Y
1883A,104.6201,28.7728,N
1884A,104.6055,28.793,N
1885A,104.639,28.7562,N
1886A,104.5742,28.7199,N
1887A,104.6789,28.7989,Y
1888A,101.6891,26.571,N
1889A,101.5769,26.5928,N
1890A,101.7169,26.585,N
1891A,101.7369,26.5008,N
1893A,105.4324,28.9634,Y
1894A,105.4427,28.9063,N
1895A,105.4241,28.8573,N
1896A,105.4379,28.8833,N
1897A,104.7547,29.3628,Y
1898A,104.7214,29.3586,N
1899A,104.7747,29.3564,N
1900A,104.7692,29.3411,N
1901A,104.4239,31.1208,N
1902A,104.3826,31.1317,N
1903A,104.4053,31.1167,N
1904A,104.3553,31.1091,N
1905A,106.056,30.8064,Y
1906A,106.0789,30.8023,N
1907A,106.1031,30.8217,N
1908A,106.1064,30.7856,N
1909A,106.0642,30.7636,N
1910A,106.1087,30.8388,N
1911A,106.9222,27.6869,N
1912A,106.9242,27.7019,N
1913A,106.8906,27.6486,N
1914A,106.9231,27.6506,N
1915A,106.9178,27.72,N
1916A,103.7897,25.5035,N
1917A,103.8,25.5364,N
1918A,108.7197,34.3956,Y
1919A,108.673,34.3155,N
1920A,108.7233,34.3617,N
1921A,108.7369,34.3164,Y
1922A,109.0656,35.0994,Y
1923A,109.0697,35.0697,N
1924A,108.9344,34.9058,N
1925A,108.9589,34.8731,N
1926A,109.4131,36.6275,Y
1927A,109.4761,36.6028,N
1928A,109.4824,36.5767,N
1929A,109.5056,36.6106,N
1930A,107.185,34.3063,Y
1931A,107.0708,34.3017,N
1932A,107.1906,34.3672,N
1933A,107.1431,34.3547,N
1934A,107.1186,34.3739,N
1935A,107.3906,34.3528,N
1936A,107.2058,34.3497,N
1937A,107.2386,34.3622,N
1938A,109.5293,34.5101,Y
1939A,109.4974,34.4877,N
1940A,109.4636,34.493,N
1941A,109.4259,34.5023,N
1942A,102.1878,38.5247,Y
1943A,102.1725,38.5339,N
1944A,102.1692,38.5167,N
1945A,98.2908,39.7711,N
1947A,106.3394,38.817,Y
1948A,106.3668,39.0145,N
1949A,106.7704,39.2282,N
1950A,106.7099,39.1325,N
1951A,84.895,45.6094,N
1952A,84.8988,45.5893,N
1953A,85.1186,45.6886,N
1954A,84.905,44.3396,N
1955A,85.6979,46.098,N
1956A,86.1472,41.7538,N
1957A,86.1972,41.7166,N
1958A,86.2357,41.7173,N
1959A,118.746,36.881,N
1960A,118.78,36.864,N
1961A,117.532,36.6868,N
1962A,117.541,36.71,N
1963A,120.61,36.44,N
1964A,120.47,36.39,N
1965A,120.005,35.878,N
1966A,120.0405,35.8735,N
1967A,120.008,36.283,N
1968A,120.014,36.253,N
1969A,120.537,36.865,N
1970A,120.515,36.885,N
1971A,119.952,36.792,N
1972A,119.976,36.799,N
1973A,120.747,37.825,N
1974A,120.773,37.809,N
1975A,120.399,37.374,N
1976A,120.394,37.364,N
1977A,119.941,37.177,N
1978A,119.959,37.18,N
1979A,122.471,37.154,N
1980A,122.41,37.161,N
1981A,122.038,37.197,N
1982A,122.0693,37.2174,N
1983A,121.531,36.913,N
1984A,121.544,36.907,N
1985A,120.636,31.155,N
1986A,120.635,31.17,N
1987A,120.658,31.172,N
1988A,120.953,31.388,N
1989A,120.999,31.381,N
1990A,120.758,31.67,N
1991A,120.721,31.671,N
1992A,120.734,31.656,N
1993A,120.526,31.874,N
1994A,120.55,31.882,N
1995A,121.115,31.453,N
1996A,121.14,31.422,N
1997A,119.146,31.955,N
1998A,119.18,31.955,N
1999A,120.268,31.92,N
2000A,120.237,31.909,N
2001A,120.302,31.92,N
2002A,119.818,31.354,N
2003A,119.794,31.371,N
2004A,119.579,31.751,N
2005A,119.579,31.737,N
2006A,119.46,31.4,N
2007A,119.438,31.317,N
2008A,121.173,31.896,N
2009A,121.1518,31.89708,N
2010A,119.7183,30.2366,N
2011A,119.6942,30.2311,N
2012A,119.954,30.054,N
2013A,119.946,30.049,N
2014A,120.091,29.305,N
2015A,120.04,29.334,N
2016A,120.251,29.719,N
2017A,120.209,29.732,N
2018A,121.989,39.625,N
2019A,122.011,39.617,N
2031A,113.1817,27.9958,N
2054A,114.1099,32.1059,N
2064A,113.9956,32.1271,N
2065A,114.0775,32.1195,N
2066A,114.0609,32.1399,N
2067A,114.6613,33.6128,N
2068A,114.6758,33.6347,N
2069A,114.6546,33.5979,N
2070A,114.6369,33.6406,N
2073A,117.7206,24.5086,Y
2074A,117.6569,24.5157,Y
2075A,117.6336,24.4674,Y
2160A,112.85,35.5051,N
2161A,112.8318,35.4936,N
2162A,112.8508,35.4887,N
2163A,112.8676,35.4897,N
2164A,112.8271,35.4828,N
2165A,112.8453,35.546,Y
2166A,112.4397,39.3522,N
2167A,112.4575,39.3617,N
2168A,112.4258,39.3197,N
2169A,112.4072,39.3278,N
2170A,112.4272,39.3681,N
2171A,112.7532,37.6945,N
2173A,112.7249,37.7067,N
2174A,112.6991,37.6982,N
2175A,110.9956,35.0147,N
2176A,111.0233,35.0611,N
2177A,111.0397,35.0394,Y
2178A,110.9686,35.0303,N
2179A,111.0414,35.1147,N
2180A,112.7356,38.4186,Y
2181A,112.7383,38.4519,N
2182A,112.7003,38.4928,N
2183A,111.1406,37.5211,N
2185A,111.1297,37.5136,N
2186A,106.8288,39.6778,N
2187A,106.8174,39.6973,N
2188A,106.7907,39.6667,N
2189A,122.2603,43.6267,Y
2190A,122.3039,43.6156,Y
2191A,122.2532,43.6801,N
2192A,119.7594,49.2261,N
2193A,119.7283,49.2014,Y
2194A,107.5936,40.916,Y
2195A,107.4212,40.761,N
2196A,107.37,40.7372,N
2197A,113.1306,40.9923,N
2198A,113.0974,41.038,N
2199A,122.062,46.0872,Y
2200A,122.0392,46.0656,N
2201A,121.9504,46.0741,N
2202A,116.1042,43.9317,N
2203A,116.0781,43.9311,N
2204A,105.6467,38.8363,Y
2205A,105.6985,38.8411,N
2206A,105.724,38.8516,N
2207A,121.6094,41.998,N
2208A,121.6697,42.0279,N
2209A,121.6673,42.0705,N
2210A,121.6717,42.0224,N
2211A,121.6506,42.0498,N
2212A,123.2,41.1953,N
2213A,123.1683,41.2495,N
2214A,123.2354,41.2639,N
2215A,123.149,41.2991,N
2216A,123.8139,42.3022,N
2217A,123.8649,42.2923,N
2218A,123.8486,42.2867,N
2219A,123.7153,42.2217,N
2220A,120.4318,41.5881,N
2221A,120.4521,41.5646,N
2222A,120.4176,41.5648,N
2223A,120.3806,41.5969,N
2224A,124.3419,43.1747,Y
2225A,124.4002,43.1713,N
2226A,124.388,43.193,N
2227A,125.1358,42.8845,N
2228A,125.1567,42.8953,Y
2229A,125.9358,41.7173,N
2230A,125.9446,41.7325,N
2231A,126.4219,41.9171,N
2232A,126.4077,41.9419,N
2233A,124.8006,45.1214,N
2234A,124.7965,45.1722,N
2235A,122.7911,45.6077,N
2236A,122.8738,45.5725,N
2237A,129.47,42.8883,N
2238A,129.5055,42.9108,N
2239A,129.3964,42.8881,N
2240A,130.9762,45.3001,N
2241A,130.9817,45.305,Y
2242A,131.0103,45.2948,Y
2243A,130.9429,45.3039,N
2244A,130.2537,47.3416,N
2245A,130.2684,47.3086,N
2246A,130.3114,47.3388,N
2247A,130.1097,47.3382,Y
2248A,131.1511,46.6937,N
2249A,131.1652,46.6191,N
2250A,131.1524,46.6554,N
2251A,131.12,46.5656,Y
2252A,128.5159,47.4311,N
2253A,128.9102,47.7412,N
2254A,129.5029,48.471,Y
2255A,130.2751,46.8028,N
2256A,130.3995,46.8307,N
2257A,130.3258,46.7975,N
2258A,130.3648,46.8032,N
2259A,130.3794,46.7588,Y
2260A,131.0032,45.7677,Y
2261A,130.8625,45.8194,Y
2262A,131.0518,45.8751,Y
2263A,127.4833,50.2524,N
2264A,127.5144,50.2341,N
2265A,127.5291,50.2472,Y
2266A,126.9785,46.6365,N
2267A,126.964,46.6528,N
2268A,124.1186,50.4269,Y
2269A,124.1069,50.4097,N
2270A,117.396,32.939,N
2271A,117.3605,32.9427,N
2272A,117.3086,32.935,Y
2273A,117.4185,32.8911,N
2274A,117.3533,32.9673,N
2275A,117.3145,32.8977,N
2276A,117.0417,32.6611,Y
2277A,116.8305,32.7727,N
2278A,117.0067,32.6524,N
2279A,116.8569,32.5951,N
2280A,116.8281,32.633,N
2281A,116.6325,32.6201,Y
2282A,116.8004,33.975,N
2283A,116.8091,33.9007,N
2284A,116.7856,33.9477,N
2285A,117.8177,30.9412,N
2286A,117.8059,30.9273,N
2287A,117.7807,30.9413,N
2288A,117.7439,30.8792,N
2289A,117.846,30.9413,N
2290A,117.8483,30.97,N
2291A,117.0809,30.5177,N
2292A,117.0331,30.5119,N
2293A,117.0486,30.5489,Y
2294A,116.9896,30.6145,N
2295A,118.2903,29.6963,N
2296A,118.327,29.7178,N
2297A,118.1371,30.2756,N
2298A,118.3093,32.3153,N
2299A,118.3244,32.2786,N
2300A,118.3158,32.3061,Y
2301A,115.8277,32.8929,N
2303A,115.8554,32.8605,N
2304A,116.9765,33.6481,Y
2305A,116.9677,33.6284,Y
2306A,116.989,33.6306,N
2307A,116.5079,31.737,N
2308A,116.4738,31.7643,N
2309A,116.4996,31.7905,N
2310A,116.5567,31.7886,N
2311A,115.8072,33.8399,N
2312A,115.7789,33.8518,N
2313A,117.4808,30.6414,Y
2314A,117.47,30.6618,N
2315A,117.4974,30.6539,Y
2316A,118.7581,30.9454,N
2317A,118.7385,30.9743,N
2318A,118.7173,30.9427,N
2319A,119.0141,25.4325,N
2320A,119.0015,25.4553,N
2321A,119.1119,25.4561,N
2322A,119.1013,25.3215,N
2323A,118.981,25.4792,Y
2324A,117.6211,26.2625,N
2325A,117.635,26.2714,N
2326A,117.6028,26.2378,N
2327A,117.7275,26.3108,Y
2331A,118.0966,26.6761,Y
2332A,118.1681,26.6369,N
2333A,118.1825,26.6489,N
2334A,118.1756,26.6272,N
2335A,117.0189,25.1181,Y
2336A,117.0217,25.1033,N
2337A,117.0258,25.0661,N
2338A,117.0196,25.0306,N
2339A,119.5001,26.6946,Y
2340A,119.5202,26.6607,Y
2341A,119.5388,26.6612,N
2342A,117.3102,29.3867,Y
2343A,117.2117,29.2933,N
2344A,117.1894,29.2789,N
2345A,117.1547,29.2617,N
2346A,117.2461,29.2956,N
2347A,114.0997,27.5002,Y
2348A,113.8385,27.6434,N
2349A,113.8493,27.6253,N
2350A,113.8676,27.6435,N
2351A,113.866,27.6198,N
2352A,115.0861,27.9317,Y
2353A,114.9886,27.8431,N
2354A,114.9231,27.8246,N
2355A,114.9308,27.8036,N
2356A,114.9119,27.8042,Y
2357A,116.9822,28.1136,Y
2358A,117.0564,28.2642,N
2359A,117.0311,28.2475,N
2360A,117.0222,28.2264,N
2361A,117.0017,28.2131,N
2362A,114.9017,25.9149,Y
2363A,114.9367,25.8664,N
2364A,114.9461,25.8481,N
2365A,114.9322,25.8333,N
2366A,114.8905,25.8471,N
2367A,114.9754,27.0803,N
2368A,114.9658,27.0999,N
2369A,114.99,27.1312,N
2370A,115.0093,27.0968,N
2371A,114.3408,27.8064,Y
2372A,114.3806,27.8014,N
2373A,114.3956,27.7844,N
2374A,114.3703,27.7914,N
2375A,114.4013,27.8074,N
2376A,116.2127,28.0814,Y
2377A,116.3544,27.9831,N
2378A,116.3565,27.963,N
2379A,116.3564,28.0007,N
2380A,116.385,27.9647,N
2381A,118.005,28.4572,Y
2382A,117.9756,28.4436,N
2383A,117.9519,28.4628,N
2384A,117.9033,28.4303,Y
2385A,114.17,35.9019,N
2386A,114.2956,35.7511,N
2387A,114.2878,35.7306,N
2388A,113.926,35.279,N
2389A,113.836,35.311,N
2390A,113.884,35.272,N
2391A,113.883,35.303,N
2392A,115.0312,35.7636,N
2393A,114.9906,35.767,Y
2394A,115.0574,35.7609,N
2395A,115.0866,35.7754,N
2396A,113.8276,34.0159,N
2397A,113.8208,34.0314,N
2398A,113.7906,33.9953,N
2399A,114.051,33.5699,N
2400A,114.0055,33.5698,N
2401A,114.0138,33.5828,N
2402A,114.0261,33.5698,N
2403A,112.5192,32.9917,N
2404A,112.5339,33.0086,N
2405A,112.5003,32.9735,N
2406A,112.5779,33.0144,N
2407A,112.548,32.9692,N
2408A,115.6702,34.4285,N
2409A,115.6458,34.4045,N
2410A,115.6293,34.3948,N
2411A,115.6578,34.402,Y
2420A,114.0189,32.9656,N
2421A,114.0114,33.015,N
2422A,113.9976,32.9771,N
2423A,115.0601,30.2313,N
2424A,115.0817,30.2006,N
2425A,114.9551,30.1765,N
2426A,114.8988,30.2019,N
2427A,115.0307,30.2092,N
2428A,111.0419,32.395,Y
2429A,110.78,32.6494,N
2430A,110.7258,32.6389,N
2431A,110.8839,32.5714,N
2432A,112.155,32.0197,N
2433A,112.1392,32.0564,N
2434A,112.1825,32.1142,N
2435A,112.2106,32.0903,N
2436A,114.8938,30.3994,N
2437A,114.8989,30.3714,N
2438A,114.8131,30.4133,N
2439A,112.2014,31.0481,N
2440A,112.1969,30.9891,N
2441A,112.2213,31.0386,N
2442A,112.1931,31.0375,Y
2443A,113.9153,30.9285,N
2444A,113.942,30.9075,N
2445A,114.8857,30.4522,Y
2446A,114.9028,30.4742,N
2447A,114.3175,29.8142,Y
2448A,114.3107,29.8454,N
2449A,114.2936,29.8566,N
2450A,114.3375,29.8683,N
2451A,113.3583,31.7275,N
2452A,113.3833,31.6908,N
2453A,113.3983,31.7308,N
2454A,109.4978,30.2981,N
2455A,109.4707,30.2798,N
2456A,112.5003,26.9167,Y
2457A,112.6194,26.9258,N
2458A,112.6211,26.8956,N
2459A,112.6197,26.8733,N
2460A,112.6006,26.8919,N
2461A,112.5664,26.9056,N
2462A,111.5239,27.3033,Y
2463A,111.4733,27.2317,N
2464A,111.5283,27.2442,N
2465A,111.4503,27.2537,N
2466A,111.4328,27.2272,N
2467A,112.4067,28.6428,Y
2468A,112.3458,28.5808,N
2469A,112.3437,28.5531,N
2470A,112.3347,28.6047,N
2471A,112.3744,28.5819,N
2472A,113.0073,25.9061,Y
2473A,113.0116,25.8226,N
2474A,113.0161,25.8001,N
2475A,113.0383,25.8071,N
2476A,113.0348,25.7759,N
2477A,111.6217,26.2081,Y
2478A,111.6156,26.4214,N
2479A,111.6236,26.2331,N
2480A,111.5992,26.4364,N
2481A,111.5989,26.4519,N
2482A,109.5981,27.5721,Y
2483A,109.9453,27.5444,N
2484A,109.9781,27.5342,N
2485A,109.9972,27.5578,N
2486A,110.0394,27.583,N
2487A,111.9589,27.8901,Y
2488A,111.9975,27.725,N
2489A,112.0194,27.7314,N
2490A,111.9561,27.7569,N
2491A,111.9892,27.7044,N
2492A,109.6414,28.2558,Y
2493A,109.7325,28.3169,N
2494A,109.6958,28.2675,N
2495A,111.3014,23.4832,N
2496A,111.3239,23.4794,N
2497A,111.247,23.4189,N
2498A,111.2711,23.4835,N
2499A,108.3411,21.6158,N
2500A,108.3514,21.7731,N
2501A,108.3506,21.6414,N
2502A,108.6236,21.9667,N
2503A,108.6549,21.9481,N
2504A,108.5989,21.7431,N
2505A,109.568,23.1478,Y
2506A,109.6047,23.0666,N
2507A,109.6014,23.0948,N
2508A,109.5669,23.1065,N
2509A,110.1106,22.7019,Y
2510A,110.1675,22.6411,N
2511A,110.1433,22.6164,N
2512A,106.6103,23.9011,N
2513A,106.6538,23.8859,N
2514A,111.5264,24.4172,N
2515A,111.5608,24.4078,N
2516A,108.2011,24.715,Y
2517A,108.0497,24.6947,N
2518A,108.0983,24.6989,N
2519A,109.2328,23.7361,N
2520A,109.2203,23.7256,N
2521A,107.3476,22.4136,N
2522A,107.3702,22.3707,N
2523A,105.8945,32.4535,Y
2524A,105.821,32.4444,N
2525A,105.8153,32.4246,N
2526A,105.8628,32.4287,N
2527A,105.5453,30.5678,Y
2528A,105.5582,30.5232,N
2529A,105.5861,30.5366,N
2530A,105.5918,30.4728,N
2531A,105.0703,29.61,N
2532A,105.0717,29.5947,N
2533A,105.0653,29.5817,N
2534A,105.0406,29.5822,N
2535A,103.7723,29.5462,Y
2536A,103.7627,29.5844,N
2537A,103.7508,29.6006,N
2538A,103.7571,29.5664,N
2539A,104.0308,30.0478,Y
2540A,103.8416,30.0874,N
2541A,103.8495,30.0691,N
2542A,103.8341,30.062,N
2543A,106.6308,30.5278,Y
2544A,106.6303,30.4576,N
2545A,106.6271,30.4663,N
2546A,106.6406,30.4844,Y
2547A,106.6388,30.4551,N
2548A,107.5277,31.2827,Y
2549A,107.5086,31.2186,N
2550A,107.4988,31.2132,N
2551A,107.5082,31.1986,N
2552A,107.4644,31.2124,N
2553A,103.009,30.0125,Y
2554A,103.0475,30.02,N
2555A,103.0111,29.9833,N
2556A,102.9905,29.9775,N
2557A,106.7583,31.8475,Y
2558A,106.7389,31.8711,N
2559A,106.7594,31.8531,N
2560A,106.7608,31.8456,N
2561A,104.6617,30.1372,Y
2562A,104.6356,30.1506,N
2563A,104.6295,30.1383,N
2564A,104.6463,30.1146,N
2565A,104.6296,30.1256,N
2566A,102.1879,31.914,Y
2567A,102.224,31.9037,N
2568A,102.2502,31.8896,N
2569A,101.9628,30.0506,N
2570A,101.9603,30.0475,N
2571A,102.3431,27.8099,Y
2572A,102.2721,27.8415,N
2573A,102.2625,27.898,N
2574A,102.2685,27.8851,N
2575A,102.237,27.8914,N
2576A,104.8,26.5892,Y
2577A,104.83,26.5917,N
2578A,104.89,26.5939,N
2579A,104.8475,26.5894,N
2580A,104.9544,26.5506,N
2581A,105.9556,26.2611,N
2582A,105.9278,26.255,N
2583A,105.9394,26.2358,N
2584A,105.8853,26.2392,N
2585A,109.1839,27.7344,N
2586A,109.1753,27.6944,N
2587A,105.2864,27.3125,N
2588A,105.31,27.2944,N
2589A,104.9022,25.0925,N
2590A,104.8811,25.0992,N
2591A,107.9783,26.5747,N
2593A,107.5228,26.2403,N
2594A,99.1678,25.1081,N
2595A,99.1711,25.1328,N
2596A,103.7667,27.3736,N
2597A,103.7225,27.3361,N
2598A,100.2143,26.8576,Y
2599A,100.2497,26.8802,N
2600A,100.2203,26.8906,N
2601A,100.98,22.7633,N
2602A,100.9817,22.8322,N
2603A,100.0781,23.8982,N
2604A,100.0894,23.8822,N
2605A,101.5482,25.0441,N
2606A,101.538,25.0492,N
2607A,103.3113,23.4626,N
2608A,103.3772,23.3993,N
2609A,103.3861,23.35,N
2610A,104.2533,23.3594,N
2611A,104.2319,23.3892,N
2612A,100.7939,22.0019,N
2613A,100.8017,22.0225,N
2614A,100.1542,25.7054,N
2615A,100.2171,25.5811,N
2616A,98.5842,24.428,N
2617A,98.578,24.441,Y
2618A,98.8601,25.8567,N
2619A,98.8546,25.8417,N
2620A,99.7064,27.8136,N
2621A,99.7056,27.8317,N
2622A,97.1806,31.1273,N
2623A,97.1809,31.1254,Y
2624A,91.7608,29.2313,N
2625A,91.7706,29.2436,N
2626A,88.8876,29.2718,N
2627A,88.8931,29.2365,Y
2628A,92.0657,31.4846,N
2629A,92.0505,31.4733,N
2630A,80.1161,32.5,N
2631A,80.0895,32.5039,Y
2632A,94.3681,29.6376,N
2633A,94.3616,29.6616,N
2634A,106.9893,33.1842,Y
2635A,107.0154,33.0706,N
2636A,107.0089,33.1138,N
2637A,107.007,33.0323,N
2638A,109.7414,38.3344,Y
2639A,109.7456,38.2911,N
2640A,109.7289,38.2839,N
2641A,109.7336,38.2478,N
2642A,109.0318,32.6537,Y
2643A,109.0281,32.6939,N
2644A,109.0072,32.6975,N
2645A,109.9154,33.8715,N
2646A,109.966,33.8509,N
2647A,104.1724,36.5446,N
2648A,104.1465,36.5482,N
2649A,106.0055,34.343,Y
2650A,105.7205,34.5786,N
2651A,105.8945,34.5538,N
2652A,102.6201,37.9251,N
2653A,102.6469,37.9358,Y
2654A,100.4698,38.9524,N
2655A,100.4154,38.9422,N
2656A,106.6692,35.5461,N
2657A,106.7021,35.5307,N
2658A,98.5061,39.7443,N
2659A,98.4989,39.7256,N
2660A,107.6831,35.7289,Y
2661A,107.6325,35.7357,N
2662A,107.6364,35.7067,N
2663A,104.6241,35.5734,N
2664A,104.6194,35.5934,N
2665A,105.0822,33.3261,Y
2667A,103.2069,35.5993,N
2668A,103.2417,35.6057,N
2669A,102.9099,34.9841,N
2670A,102.1086,36.4997,N
2671A,100.9048,36.9639,N
2672A,102.0199,35.5102,N
2673A,100.6188,36.2866,N
2674A,100.2561,34.4714,N
2675A,97,33.0014,N
2676A,97.3731,37.3753,N
2677A,106.1532,37.9648,N
2678A,106.2025,37.9844,N
2679A,106.1856,37.9956,N
2680A,105.0025,37.4635,Y
2681A,105.18,37.0172,N
2682A,105.1971,37.5002,N
2683A,106.2319,36.1417,Y
2684A,106.2792,36.0022,N
2685A,106.2375,36.0211,N
2686A,89.1904,42.9418,N
2687A,89.1673,42.9559,N
2688A,93.5128,42.8172,N
2689A,93.4961,42.8328,N
2690A,88.1236,43.8886,Y
2691A,87.2997,44.0114,N
2692A,87.2717,44.0297,N
2693A,82.0485,44.8556,N
2694A,82.0806,44.8969,N
2695A,80.292,41.1694,N
2696A,80.2613,41.1551,N
2697A,76.1454,39.7142,N
2698A,76.0072,39.4467,N
2699A,75.9755,39.4694,N
2700A,75.9538,39.4682,N
2701A,79.9485,37.1152,Y
2702A,79.9117,37.1013,Y
2703A,81.2815,43.9404,N
2704A,81.2996,43.9174,N
2705A,81.3364,43.941,N
2706A,82.9994,46.7432,N
2707A,88.1214,47.9047,Y
2708A,88.1264,47.8517,N
2709A,86.0497,44.2967,N
2710A,86.0697,44.3075,N
2711A,87.5475,44.1756,N
2835A,101.7227,26.567,N
2842A,118.0936,24.5058,N
2845A,113.1569,36.1911,N
2846A,113.3221,23.1322,N
2858A,117.7918,39.2474,N
2859A,117.3747,38.9846,N
2860A,117.1589,39.0845,N
2862A,114.5481,38.0378,N
2865A,112.7195,37.6828,N
2866A,111.0522,35.0439,N
2867A,111.1283,37.51,N
2868A,126.4739,43.953,N
2869A,119.447,32.4155,N
2870A,119.4424,32.1873,N
2871A,121.6147,29.9017,N
2872A,120.7846,30.7525,N
2873A,120.0875,30.8955,N
2874A,117.0412,32.646,Y
2875A,115.784,32.8892,N
2876A,119.0841,36.7339,N
2877A,119.1641,36.6523,N
2878A,116.0072,36.4343,N
2880A,104.0219,30.6558,N
2881A,107.8908,26.5311,N
2882A,102.5389,24.3703,N
2883A,102.5381,24.3389,N
2884A,98.2672,39.7978,N
2885A,104.9339,33.3826,N
2894A,117.0566,32.6531,N
2897A,123.2444,41.7347,N
2900A,123.5953,41.9086,N
2902A,106.6351,30.4865,N
2907A,120.1844,30.8596,N
2914A,106.7677,31.8794,Y
2915A,106.7619,31.84139,N
2916A,117.49,30.66,Y
2919A,116.7022,39.5453,N
2920A,117.7116,24.506,N
2921A,120.5483,30.0003,N
2922A,117.1941,39.1067,N
2923A,113.2803,40.1114,Y
2924A,106.2266,38.4418,N
2925A,106.2757,38.4842,N
2926A,106.1015,38.497,N
2929A,114.8858,30.4519,N
2994A,119.6533,29.1128,N
2996A,118.283,33.965,N
2997A,119.8767,32.3289,N
2998A,119.3608,34.7519,Y
2999A,119.1478,34.5911,Y
3000A,119.3581,34.6972,N
3002A,119.9805,31.8174,N
3003A,120.0522,31.7748,N
3004A,120.1544,33.3663,N
3005A,117.1814,34.29,N
3006A,117.1694,34.1781,N
3007A,119.178,34.844,N
3008A,119.3608,34.7519,N
3009A,119.1478,34.5911,N
3010A,119.9025,31.7964,N
3012A,112.1849,31.0362,N
3014A,106.4958,29.5346,N
3015A,106.4037,29.5728,N
3016A,106.5507,29.4153,N
3018A,111.505,36.1014,N
3020A,117.2101,39.1699,N
3021A,115,35.7668,N
3022A,112.4433,34.6686,N
3025A,113.0477,23.6344,N
3026A,116.6183,23.6608,N
3027A,104.72,29.3427,N
3028A,104.776,29.3627,N
3033A,87.4651,43.4569,N
3034A,113.1076,41.0385,N
3035A,122.0931,46.0707,N
3036A,118.6904,37.4338,N
3038A,103.3758,23.368,N
3039A,111.1911,34.7829,N
3045A,109.9643,33.8471,N
3046A,115.9084,28.6062,N
3048A,119.5799,26.0936,N
3051A,117.3876,39.1488,N
3054A,113.9194,35.2847,N
3055A,101.7775,36.6428,N
3057A,121.5992,37.4014,N
3058A,119.2658,42.0353,N
3059A,117.7161,36.2049,N
3061A,119.7512,49.1577,N
3064A,117.6867,36.2171,N
3065A,101.9533,29.9972,N
3066A,116.2721,37.4379,N
3109A,115.0093,25.8613,N
3122A,105.9606,26.2611,Y
3123A,105.9408,26.2431,N
3124A,105.9439,26.2564,N
3125A,105.8983,26.2481,N
3128A,92.0506,31.4797,N
3129A,102.0306,36.5067,N
3131A,114.879,40.7993,N
3132A,119.610547,39.943889,N
3133A,106.5468,29.5654,N
3134A,113.8172,34.0339,N
3136A,104.2725,30.5589,N
3137A,103.8578,30.0744,N
3138A,111.7153,29.0289,N
3139A,111.6892,28.9881,N
3140A,111.6625,29.0531,N
3141A,114.3922,36.0878,N
3147A,114.3438,34.8106,N
3148A,103.8291,30.0564,N
3149A,115.0235,30.1578,N
3151A,114.375,27.8097,N
3153A,114.3877,30.4908,N
3164A,119.4686,32.3942,N
3165A,108.6594,34.2969,N
3169A,113.2725,35.2071,N
3170A,102.1864,38.5253,N
3171A,115.6071,34.4465,N
3173A,117.0598,30.5351,N
3178A,119.0587,36.721,N
3179A,102.7494,25.0119,N
3180A,99.7136,27.8094,N
3182A,106.7656,31.8545,N
3183A,106.7418,31.8654,N
3184A,126.6203,45.7219,N
3185A,112.5628,37.8964,N
3186A,103.7158,36.1058,N
3187A,116.9509,33.666,N
3188A,115.6683,37.7217,N
3190A,116.0254,29.6994,N
3191A,118.3225,33.9447,N
3192A,80.0903,32.5028,N
3194A,112.2747,30.3122,N
3195A,119.3633,32.3972,N
3200A,115.9819,36.4978,N
3201A,102.6486,37.9325,N
3204A,113.3025,33.73,N
3206A,114.9149,27.807,N
3207A,118.3118,32.3038,N
3208A,112.7283,38.4153,N
3209A,119.5231,26.6562,N
3210A,114.3644,34.7964,N
3216A,114.6622,24.5183,N
3237A,117.4918,30.6617,N
3238A,118.3954,31.3946,Y
3239A,125.0764,42.9078,N
3241A,103.7439,36.0842,N
3242A,103.9611,35.998,N
3245A,103.6633,36.533,N
3246A,103.6975,36.4789,N
3247A,104.955,33.371,N
3248A,98.2643,39.7724,N
3265A,121.4316,31.3322,N
3266A,121.8791,31.4662,N
3268A,121.3162,31.2838,N
3269A,121.3359,30.7456,N
3270A,121.4996,31.0739,N
3271A,121.2886,31.1663,N
3272A,121.2186,31.0378,N
3273A,121.3902,31.2059,N
3274A,121.7965,31.0507,N
3281A,115.9718,40.4529,N
3282A,113.3397,40.0597,N
3283A,109.9154,40.5685,N
3284A,106.813,39.7274,N
3285A,113.1376,40.9509,N
3286A,118.9359,42.3147,N
3287A,119.3842,32.1976,N
3288A,117.4754,34.4422,N
3289A,120.743,31.3188,N
3290A,120.5031,31.2774,N
3291A,121.067,32.062,N
3293A,120.1501,33.3367,N
3294A,119.5653,32.4222,N
3295A,120.1259,32.5099,N
3298A,113.5717,23.5491,N
3299A,113.3472,23.3692,N
3300A,113.2981,23.237,N
3301A,113.4256,23.1716,N
3302A,113.3942,23.0483,N
3303A,113.4922,22.8168,N
3304A,113.5342,22.7896,N
3305A,114.0731,22.559,N
3306A,114.0261,22.6198,N
3307A,114.1871,22.6451,N
3308A,113.3494,22.0569,N
3311A,113.1075,22.5647,N
3313A,112.4575,23.0166,N
3314A,114.4338,22.8134,N
3315A,116.1233,24.2991,N
3317A,111.9765,21.8947,N
3318A,112.9903,23.7403,N
3319A,113.7338,23.0381,N
3320A,116.403,23.5699,N
3323A,115.2773,40.9724,N
3324A,116.8136,38.3004,N
3325A,117.0365,39.3828,N
3326A,117.0296,39.0605,N
3327A,116.9638,38.9375,N
3328A,118.4209,31.3707,N
3329A,117.0108,32.5893,N
3330A,116.8873,33.9836,N
3331A,118.3267,32.2634,N
3332A,115.7633,33.8034,N
3333A,117.5627,30.695,N
3334A,117.5038,30.6243,N
3335A,113.3137,35.2641,N
3336A,113.2465,35.2373,N
3337A,113.8614,34.0442,N
3338A,113.843,34.0823,N
3339A,114.0012,33.0412,N
3340A,112.6005,34.6326,N
3341A,112.4951,34.6332,N
3342A,128.4741,47.4346,N
3343A,128.6871,47.7369,N
3344A,128.8431,47.8474,N
3345A,131.0577,45.7879,N
3346A,108.3872,31.1628,N
3347A,105.9017,29.3569,N
3348A,105.839,30.1946,N
3349A,107.7983,30.6758,N
3350A,106.6479,29.0244,N
3351A,105.7167,29.7076,N
3352A,107.0732,29.8617,N
3353A,107.3535,29.7287,N
3354A,108.815,29.5081,N
3355A,108.3679,30.8426,N
3356A,108.4319,30.7555,N
3357A,104.0106,30.6931,N
3358A,103.8458,30.6994,N
3359A,104.0578,30.5225,N
3360A,104.7894,29.3194,N
3361A,103.7311,29.5628,N
3362A,120.5014,36.4034,N
3363A,117.9883,36.8372,N
3364A,117.3152,34.8103,N
3365A,118.5719,37.565,N
3366A,121.5206,37.4336,N
3368A,119.1977,36.6872,N
3369A,118.3977,35.0278,N
3370A,118.3564,35.0215,N
3371A,116.3728,37.4403,N
3372A,116.3572,37.4094,N
3374A,115.5564,35.0891,N
3375A,102.8017,24.8336,N
3376A,103.7947,25.462,N
3377A,103.7444,25.5261,N
3378A,122.371,40.6771,N
3379A,122.1139,40.2278,N
3380A,102.8914,34.9617,N
3396A,112.0828,32.0067,N
3397A,112.1214,32.1008,N
3398A,114.9136,30.4445,N
3399A,112.6703,26.882,N
3400A,109.1911,21.4415,N
3401A,108.4834,22.7618,N
3402A,109.5422,24.3996,N
3403A,110.1764,25.2381,N
3404A,108.5959,21.9633,N
3405A,109.5886,23.1172,N
3406A,106.6085,23.8798,N
3407A,120.6916,30.7739,N
3408A,120.5683,29.9361,N
3409A,120.4906,30.0861,N
3410A,120.8752,30.0249,N
3411A,120.8369,30.0137,N
3413A,118.1953,28.4401,N
3414A,115.8347,28.932,N
3415A,114.4519,28.0828,N
3416A,119.1755,36.7149,N
3417A,117.0709,40.1465,N
3418A,116.8336,40.4095,N
3419A,109.9447,40.6261,N
3421A,113.1775,40.9779,N
3422A,118.8436,31.9198,N
3423A,119.0138,31.6494,N
3424A,118.879,31.3302,N
3425A,120.624,31.1733,N
3426A,118.8755,33.2894,N
3427A,118.8554,32.3578,N
3428A,120.3142,31.4753,N
3429A,119.8598,31.7066,N
3430A,119.5826,31.7245,N
3431A,120.6505,31.416,N
3432A,120.9348,31.9883,N
3434A,119.2413,34.6539,N
3435A,119.9192,32.4322,N
3436A,120.4279,33.205,N
3437A,88.3118,43.3658,N
3438A,87.6162,43.8801,N
3439A,87.7024,43.8004,N
3440A,87.4921,43.8411,N
3441A,87.546,44.1912,N
3442A,86.047,44.2331,N
3443A,113.2902,23.5544,N
3444A,116.454,23.2684,N
3445A,113.7858,23.7478,N
3446A,113.8051,23.2614,N
3447A,114.3551,22.7151,N
3448A,113.5433,22.1163,N
3449A,113.05,22.4667,N
3450A,111.01,21.5165,N
3451A,112.5617,23.2083,N
3452A,114.6517,22.775,N
3453A,112.0125,21.8749,N
3454A,113.3528,22.478,N
3455A,113.076,23.7198,N
3456A,114.289,38.0906,N
3457A,118.4359,39.2762,N
3458A,114.7895,36.5593,N
3459A,115.5989,37.5491,N
3460A,117.4067,40.0583,N
3461A,117.3045,39.7169,N
3462A,117.8199,39.3521,N
3463A,116.9708,33.591,N
3464A,117.3803,31.9147,N
3465A,118.4781,31.3225,N
3466A,118.2746,31.2326,N
3468A,115.7901,32.8613,N
3469A,115.836,32.9183,N
3470A,118.7724,30.9141,N
3471A,113.616563,34.86783,N
3473A,114.2485,34.8306,N
3474A,114.2617,35.6822,N
3475A,113.9188,35.3045,N
3476A,113.9135,35.3327,N
3477A,113.1656,35.2539,N
3478A,113.9749,33.5664,N
3479A,114.0967,33.5906,N
3480A,129.1368,47.6417,N
3481A,125.141,46.634,N
3482A,107.7541,29.3277,N
3483A,108.7661,29.5368,N
3484A,106.2628,29.32,N
3485A,107.0944,29.1608,N
3486A,124.4036,43.1411,N
3487A,104.2394,30.5319,N
3488A,104.3853,30.7453,N
3489A,104.0789,30.4072,N
3490A,105.3617,28.7703,N
3491A,104.69,31.5322,N
3492A,104.5648,31.5343,N
3494A,117.1673,36.9782,N
3495A,117.1171,36.63,N
3496A,118.3604,35.1084,N
3498A,118.5055,37.8612,N
3500A,116.5814,35.3707,N
3501A,116.8249,35.5593,N
3502A,117.1812,36.2275,N
3503A,117.0313,36.2018,N
3504A,117.0829,36.13,N
3505A,122.1379,37.3414,N
3507A,119.5328,35.4625,N
3511A,116.5652,37.3319,N
3512A,116.049,36.4674,N
3513A,116.0445,36.4361,N
3514A,117.9378,37.3956,N
3515A,117.9378,37.3553,N
3516A,118.0917,37.694,N
3520A,106.3495,38.9836,N
3521A,106.7492,39.2069,N
3522A,106.2177,35.9959,N
3523A,106.5105,38.3856,N
3524A,108.6116,34.1164,N
3525A,108.6396,34.4078,N
3526A,119.5189,25.9664,N
3527A,118.0958,24.5688,N
3528A,118.1493,24.7245,N
3529A,118.6333,24.9264,N
3530A,117.6296,24.5314,N
3531A,110.296,25.1253,N
3532A,110.1945,22.6831,N
3533A,110.0527,22.5893,N
3534A,111.4744,24.4553,N
3535A,109.1781,23.7297,N
3536A,106.8547,27.5919,N
3537A,105.3631,27.3533,N
3538A,107.5175,26.2978,N
3539A,110.5111,19.9736,N
3540A,109.7348,18.3443,N
3541A,109.5726,19.5167,N
3542A,109.5567,19.5187,N
3543A,112.3466,16.8396,N
3544A,121.4891,30.925,N
3545A,110.8054,32.8401,N
3546A,111.4606,30.552,N
3547A,112.1632,31.0138,N
3548A,112.1655,30.3364,N
3549A,109.5061,30.3772,N
3550A,102.7997,24.9786,N
3551A,102.5967,24.6736,N
3552A,102.6678,24.9856,N
3557A,119.9464,30.0494,N
3558A,119.7183,30.2367,N
3560A,120.4722,30.0415,N
3561A,120.6985,27.9251,N
3562A,120.4148,30.8538,N
3564A,121.2568,28.6681,N
3565A,113.1367,40.1122,N
3566A,113.1186,40.2556,N
3567A,113.5931,40.0461,N
3568A,113.06,36.0464,N
3569A,112.8792,36.3144,N
3570A,113.235,36.3489,N
3571A,112.2931,39.53,N
3572A,114.6419615,37.9001925,N
3573A,114.8506765,38.0322033,N
3574A,114.0504658,38.0591645,N
3575A,118.09279,39.58089,N
3576A,118.1562,39.8322,N
3577A,118.43673,39.73809,N
3578A,118.24498,39.66941,N
3579A,114.50634,36.77178,N
3580A,114.20016,36.44293,N
3581A,115.31981,38.95208,N
3582A,115.47694,38.76408,N
3583A,115.62909,39.02311,N
3584A,115.8844,39.0341,N
3585A,115.8665,39.0645,N
3586A,115.923,38.9405,N
3587A,115.9324,38.9338,N
3588A,116.0901,38.9816,N
3589A,116.1105,39.0046,N
3590A,113.8374,34.5589,N
3591A,113.30952,34.803229,N
3592A,114.4644,34.7556,N
3593A,112.5736,34.8993,N
3594A,112.8867,33.9116,N
3596A,114.1572,35.9603,N
3597A,113.8134,34.1251,N
3598A,111.1,34.7167,N
3599A,106.2649,29.9851,N
3600A,106.2339,29.5559,N
3601A,106.0499,29.8342,N
3604A,119.3266,35.1044,N
3605A,109.09,34.5236,N
3606A,108.7108,34.46,N
3607A,108.7096,34.2956,N
3608A,108.8558,34.4978,N
3610A,105.5933,29.4105,N
3612A,85.1045,45.6899,N
3613A,87.3095,44.0142,N
3614A,79.924,37.0877,N
3615A,79.9131,37.113,N
3616A,106.7616,31.8344,N
3617A,105.8047,32.4166,N
3618A,112.4701,37.782,N
3619A,113.617,37.8571,N
3620A,112.8271,35.4828,N
3621A,106.8288,39.6778,N
3622A,113.5556,24.8082,N
3623A,113.8953,22.5861,N
3624A,116.4069,23.2533,N
3625A,113.2544,22.7642,N
3626A,113.7533,23.0202,N
3627A,113.7875,23.0457,N
3628A,112.0336,22.9374,N
3629A,101.8305,36.5786,N
3630A,101.7413,36.6397,N
3631A,114.6063,38.0266,N
3633A,118.4918,31.6809,N
3634A,116.9884,33.6305,N
3635A,112.3677,34.662,N
3636A,112.4388,34.6781,N
3637A,131.0176,45.7761,N
3638A,104.7636,29.3338,N
3639A,104.4019,31.1244,N
3642A,120.3503,36.0736,N
3643A,120.3948,36.1805,N
3644A,117.8661,36.805,N
3645A,118.0253,36.8406,N
3646A,118.4978,37.4623,N
3647A,115.4702,35.2706,N
3648A,106.2112,37.9768,N
3650A,105.1698,37.5162,N
3651A,108.9543,34.8732,N
3652A,109.4809,36.5786,N
3653A,111.3119,30.7273,N
3654A,114.8094,30.4089,N
3655A,114.3375,29.8683,N
3656A,120.1556,30.2864,N
3658A,120.6153,30.0764,N
3659A,119.656,29.1131,N
3661A,112.5667,37.8875,N
3662A,123.6333,47.2075,N
3663A,124.1164,50.4278,N
3664A,119.4172,34.7341,N
3665A,76.1658,39.7157,N
3667A,111.0283,35.0547,N
3668A,111.5036,36.0414,N
3669A,114.4705,36.0637,N
3670A,111.0522,35.0439,N
3671A,116.088,39.9726,N
3672A,116.1541,39.8204,N
3673A,116.6804,39.9081,N
3674A,115.9577,39.7603,N
3675A,116.4672,39.7733,N
3676A,113.2802,40.0995,N
3677A,98.5881,24.4368,N
3678A,116.5907,35.4054,N
3682A,116.9814,36.6819,N
3683A,109.8331,40.6576,N
3684A,130.8781,45.8222,N
3685A,117.897,28.4315,N
3689A,113.9003,35.372,N
3690A,115.9721,28.7031,N
3692A,118.2059,39.6585,N
3693A,118.1436,39.6202,N
3694A,115.986,40.4563,N
3695A,116.6151,40.3053,N
3696A,116.2545,39.8768,N
3697A,116.84,40.3844,N
3698A,111.5968,40.8178,N
3699A,111.6518,40.8389,N
3700A,103.0456,29.9956,Y
3701A,116.9648,33.6252,N
3703A,114.2917,36.0949,N
3706A,122.2584,43.6333,N
3707A,131.0207,45.3073,N
3708A,122.2922,43.6189,N
3709A,130.9967,45.3106,N
3710A,121.5594,29.8975,N
3713A,124.3419,43.1666,N
3715A,117.3092,32.9314,N
3719A,97.1714,31.1406,N
3726A,88.8781,29.2426,N
3728A,104.68,28.8071,N
3734A,118.35,37.26,N
3860A,118.392,35.03,N
3861A,119.2041,36.7699,N
3866A,122.2469,40.66302,N
3867A,102.0738,36.5056,N
